{
    "Adafruit_SGP40.h": [
        {
            "name": "begin",
            "description": "Initialize the sensor",
            "parameters": [
                "TwoWire *theWire = &Wire"
            ],
            "return_type": "bool",
            "practices": {
                "API order": "#include <Wire.h> | sgp.begin()",
                "parameter usage": "sgp.begin(&Wire);",
                "return value handling": "if (!sgp.begin()) { ... }"
            }
        },
        {
            "name": "selfTest",
            "description": "Perform a self-test",
            "parameters": [],
            "return_type": "bool",
            "practices": {
                "API order": "N/A",
                "parameter usage": "bool result = sgp.selfTest();",
                "return value handling": "if (!result) { ... }"
            }
        },
        {
            "name": "softReset",
            "description": "Perform a soft reset",
            "parameters": [],
            "return_type": "bool",
            "practices": {
                "API order": "N/A",
                "parameter usage": "bool result = sgp.softReset();",
                "return value handling": "if (!result) { ... }"
            }
        },
        {
            "name": "heaterOff",
            "description": "Turn off the heater",
            "parameters": [],
            "return_type": "bool",
            "practices": {
                "API order": "N/A",
                "parameter usage": "bool result = sgp.heaterOff();",
                "return value handling": "if (!result) { ... }"
            }
        },
        {
            "name": "measureRaw",
            "description": "Measure raw signals",
            "parameters": [
                "float temperature = 25",
                "float humidity = 50"
            ],
            "return_type": "uint16_t",
            "practices": {
                "API order": "N/A",
                "parameter usage": "uint16_t raw = sgp.measureRaw(25, 50);",
                "return value handling": "Serial.println(raw);"
            }
        },
        {
            "name": "measureVocIndex",
            "description": "Measure VOC index",
            "parameters": [
                "float temperature = 25",
                "float humidity = 50"
            ],
            "return_type": "int32_t",
            "practices": {
                "API order": "N/A",
                "parameter usage": "int32_t voc = sgp.measureVocIndex(25, 50);",
                "return value handling": "Serial.println(voc);"
            }
        }
    ],
    "sensirion_voc_algorithm.h": [
        {
            "name": "VocAlgorithm_init",
            "description": "Initialize the VOC algorithm parameters.",
            "parameters": [
                "VocAlgorithmParams *params"
            ],
            "return_type": "void",
            "practices": {
                "API order": "#include \"sensirion_voc_algorithm.h\"; init before any call",
                "parameter usage": "VocAlgorithmParams params; VocAlgorithm_init(&params);",
                "return value handling": "void, no handling needed"
            }
        },
        {
            "name": "VocAlgorithm_get_states",
            "description": "Get current algorithm states.",
            "parameters": [
                "VocAlgorithmParams *params",
                "int32_t *state0",
                "int32_t *state1"
            ],
            "return_type": "void",
            "practices": {
                "API order": "#include \"sensirion_voc_algorithm.h\"",
                "parameter usage": "int32_t state0, state1; VocAlgorithm_get_states(&params, &state0, &state1);",
                "return value handling": "void, no handling needed"
            }
        },
        {
            "name": "VocAlgorithm_set_states",
            "description": "Set previously retrieved algorithm states.",
            "parameters": [
                "VocAlgorithmParams *params",
                "int32_t state0",
                "int32_t state1"
            ],
            "return_type": "void",
            "practices": {
                "API order": "#include \"sensirion_voc_algorithm.h\"",
                "parameter usage": "VocAlgorithm_set_states(&params, state0, state1);",
                "return value handling": "void, no handling needed"
            }
        },
        {
            "name": "VocAlgorithm_set_tuning_parameters",
            "description": "Set parameters to customize the VOC algorithm.",
            "parameters": [
                "VocAlgorithmParams *params",
                "int32_t voc_index_offset",
                "int32_t learning_time_hours",
                "int32_t gating_max_duration_minutes",
                "int32_t std_initial"
            ],
            "return_type": "void",
            "practices": {
                "API order": "#include \"sensirion_voc_algorithm.h\"",
                "parameter usage": "VocAlgorithm_set_tuning_parameters(&params, offset, hours, duration, initial);",
                "return value handling": "void, no handling needed"
            }
        },
        {
            "name": "VocAlgorithm_process",
            "description": "Calculate the VOC index value.",
            "parameters": [
                "VocAlgorithmParams *params",
                "int32_t sraw",
                "int32_t *voc_index"
            ],
            "return_type": "void",
            "practices": {
                "API order": "#include \"sensirion_voc_algorithm.h\"; after init",
                "parameter usage": "int32_t voc_index; VocAlgorithm_process(&params, sraw, &voc_index);",
                "return value handling": "void, no handling needed"
            }
        }
    ]
}