{
    "Adafruit_SGP30.h": [
        {
            "name": "begin",
            "description": "Initializes the sensor.",
            "parameters": [
                "TwoWire *theWire = &Wire",
                "boolean initSensor = true"
            ],
            "return_type": "boolean",
            "practices": {
                "API order": "#include <Wire.h>; #include \"Adafruit_SGP30.h\"",
                "parameter usage": "sgp.begin();",
                "return value handling": "if (!sgp.begin()) { ... }"
            }
        },
        {
            "name": "softReset",
            "description": "Performs a soft reset.",
            "parameters": [],
            "return_type": "boolean",
            "practices": {
                "API order": "",
                "parameter usage": "sgp.softReset();",
                "return value handling": "if (!sgp.softReset()) { ... }"
            }
        },
        {
            "name": "IAQinit",
            "description": "Initializes IAQ algorithm.",
            "parameters": [],
            "return_type": "boolean",
            "practices": {
                "API order": "",
                "parameter usage": "sgp.IAQinit();",
                "return value handling": "if (!sgp.IAQinit()) { ... }"
            }
        },
        {
            "name": "IAQmeasure",
            "description": "Performs IAQ measurement.",
            "parameters": [],
            "return_type": "boolean",
            "practices": {
                "API order": "",
                "parameter usage": "sgp.IAQmeasure();",
                "return value handling": "if (!sgp.IAQmeasure()) { ... }"
            }
        },
        {
            "name": "IAQmeasureRaw",
            "description": "Measures raw gas signals.",
            "parameters": [],
            "return_type": "boolean",
            "practices": {
                "API order": "",
                "parameter usage": "sgp.IAQmeasureRaw();",
                "return value handling": "if (!sgp.IAQmeasureRaw()) { ... }"
            }
        },
        {
            "name": "getIAQBaseline",
            "description": "Gets IAQ baseline values.",
            "parameters": [
                "uint16_t *eco2_base",
                "uint16_t *tvoc_base"
            ],
            "return_type": "boolean",
            "practices": {
                "API order": "",
                "parameter usage": "sgp.getIAQBaseline(&eCO2_base, &TVOC_base);",
                "return value handling": "if (!sgp.getIAQBaseline(...)) { ... }"
            }
        },
        {
            "name": "setIAQBaseline",
            "description": "Sets IAQ baseline values.",
            "parameters": [
                "uint16_t eco2_base",
                "uint16_t tvoc_base"
            ],
            "return_type": "boolean",
            "practices": {
                "API order": "",
                "parameter usage": "sgp.setIAQBaseline(0x8E68, 0x8F41);",
                "return value handling": "if (!sgp.setIAQBaseline(...)) { ... }"
            }
        },
        {
            "name": "setHumidity",
            "description": "Sets absolute humidity.",
            "parameters": [
                "uint32_t absolute_humidity"
            ],
            "return_type": "boolean",
            "practices": {
                "API order": "",
                "parameter usage": "sgp.setHumidity(absolute_humidity);",
                "return value handling": "if (!sgp.setHumidity(...)) { ... }"
            }
        }
    ]
}