{
    "Adafruit_SGP40.h": [
        {
            "name": "begin",
            "description": "Initialize the sensor",
            "parameters": [
                "TwoWire *theWire = &Wire"
            ],
            "return_type": "bool",
            "practices": {
                "API order": "#include Adafruit_SGP40.h",
                "parameter usage": "TwoWire *theWire= &Wire to define I2C",
                "return value handling": "Check return bool"
            }
        },
        {
            "name": "selfTest",
            "description": "Perform a self-test",
            "parameters": [],
            "return_type": "bool",
            "practices": {
                "API order": "First initialize sensor",
                "parameter usage": "No parameters needed",
                "return value handling": "Check return bool for success"
            }
        },
        {
            "name": "softReset",
            "description": "Soft reset the sensor",
            "parameters": [],
            "return_type": "bool",
            "practices": {
                "API order": "Call after begin",
                "parameter usage": "No parameters needed",
                "return value handling": "Check return bool for success"
            }
        },
        {
            "name": "heaterOff",
            "description": "Turn off the heater",
            "parameters": [],
            "return_type": "bool",
            "practices": {
                "API order": "Disable heater as needed",
                "parameter usage": "No parameters needed",
                "return value handling": "Check return bool for success"
            }
        },
        {
            "name": "measureRaw",
            "description": "Measure raw sensor value",
            "parameters": [
                "float temperature = 25",
                "float humidity = 50"
            ],
            "return_type": "uint16_t",
            "practices": {
                "API order": "Call after begin",
                "parameter usage": "Ensure proper temperature, humidity",
                "return value handling": "Handle uint16_t value"
            }
        },
        {
            "name": "measureVocIndex",
            "description": "Measure VOC index",
            "parameters": [
                "float temperature = 25",
                "float humidity = 50"
            ],
            "return_type": "int32_t",
            "practices": {
                "API order": "Use after measureRaw",
                "parameter usage": "Ensure valid temp, humidity",
                "return value handling": "Handle int32_t value"
            }
        }
    ],
    "Adafruit_SHT4x.h": [
        {
            "name": "getEvent",
            "description": "Retrieve humidity sensor event",
            "parameters": [
                "sensors_event_t *"
            ],
            "return_type": "bool",
            "practices": {
                "API order": "Include Adafruit_SHT4x.h",
                "parameter usage": "Pass valid sensors_event_t pointer",
                "return value handling": "Check returned bool for success"
            }
        },
        {
            "name": "getSensor",
            "description": "Retrieve humidity sensor information",
            "parameters": [
                "sensor_t *"
            ],
            "return_type": "void",
            "practices": {
                "API order": "Include Adafruit_SHT4x.h",
                "parameter usage": "Pass valid sensor_t pointer",
                "return value handling": "No return value to handle"
            }
        },
        {
            "name": "getEvent",
            "description": "Retrieve temperature sensor event",
            "parameters": [
                "sensors_event_t *"
            ],
            "return_type": "bool",
            "practices": {
                "API order": "Include Adafruit_SHT4x.h",
                "parameter usage": "Pass valid sensors_event_t pointer",
                "return value handling": "Check returned bool for success"
            }
        },
        {
            "name": "getSensor",
            "description": "Retrieve temperature sensor information",
            "parameters": [
                "sensor_t *"
            ],
            "return_type": "void",
            "practices": {
                "API order": "Include Adafruit_SHT4x.h",
                "parameter usage": "Pass valid sensor_t pointer",
                "return value handling": "No return value to handle"
            }
        },
        {
            "name": "begin",
            "description": "Initialize the sensor",
            "parameters": [
                "TwoWire *theWire = &Wire"
            ],
            "return_type": "bool",
            "practices": {
                "API order": "Call before other API functions",
                "parameter usage": "Default to &Wire if NULL",
                "return value handling": "Check returned bool for success"
            }
        },
        {
            "name": "readSerial",
            "description": "Read sensor's serial number",
            "parameters": [],
            "return_type": "uint32_t",
            "practices": {
                "API order": "After calling begin()",
                "parameter usage": "No parameters needed",
                "return value handling": "Store uint32_t serial number"
            }
        },
        {
            "name": "reset",
            "description": "Perform a software reset",
            "parameters": [],
            "return_type": "bool",
            "practices": {
                "API order": "Call to reset sensor state",
                "parameter usage": "No parameters needed",
                "return value handling": "Check returned bool for success"
            }
        },
        {
            "name": "setPrecision",
            "description": "Set measurement precision",
            "parameters": [
                "sht4x_precision_t prec"
            ],
            "return_type": "void",
            "practices": {
                "API order": "Call anytime after begin()",
                "parameter usage": "Use SHT4X_HIGH_PRECISION",
                "return value handling": "No return value to handle"
            }
        },
        {
            "name": "getPrecision",
            "description": "Get current precision setting",
            "parameters": [],
            "return_type": "sht4x_precision_t",
            "practices": {
                "API order": "Call after setPrecision()",
                "parameter usage": "No parameters needed",
                "return value handling": "Check for expected precision"
            }
        },
        {
            "name": "setHeater",
            "description": "Set heater configuration",
            "parameters": [
                "sht4x_heater_t heat"
            ],
            "return_type": "void",
            "practices": {
                "API order": "Call to configure heater",
                "parameter usage": "Use SHT4X_NO_HEATER if off",
                "return value handling": "No return value to handle"
            }
        },
        {
            "name": "getHeater",
            "description": "Get current heater setting",
            "parameters": [],
            "return_type": "sht4x_heater_t",
            "practices": {
                "API order": "Include Adafruit_SHT4x.h",
                "parameter usage": "N/A",
                "return value handling": "Check return to manage heater"
            }
        },
        {
            "name": "getEvent",
            "description": "Get measurement events",
            "parameters": [
                "sensors_event_t *humidity",
                "sensors_event_t *temp"
            ],
            "return_type": "bool",
            "practices": {
                "API order": "Include Adafruit_SHT4x.h",
                "parameter usage": "Pass pointers to sensor_event_t objects",
                "return value handling": "Verify bool for successful event get"
            }
        },
        {
            "name": "getTemperatureSensor",
            "description": "Get temperature sensor object",
            "parameters": [],
            "return_type": "Adafruit_Sensor *",
            "practices": {
                "API order": "Include Adafruit_SHT4x.h",
                "parameter usage": "N/A",
                "return value handling": "Check pointer for sensor interaction"
            }
        },
        {
            "name": "getHumiditySensor",
            "description": "Get humidity sensor object",
            "parameters": [],
            "return_type": "Adafruit_Sensor *",
            "practices": {
                "API order": "Include Adafruit_SHT4x.h",
                "parameter usage": "N/A",
                "return value handling": "Check pointer for sensor interaction"
            }
        }
    ],
    "sensirion_voc_algorithm.h": [
        {
            "name": "VocAlgorithm_init",
            "description": "Initialize VOC algorithm parameters.",
            "parameters": [
                "VocAlgorithmParams *params"
            ],
            "return_type": "void",
            "practices": {
                "API order": "#include \"sensirion_voc_algorithm.h\"",
                "parameter usage": "Ensure params pointer is valid.",
                "return value handling": "N/A"
            }
        },
        {
            "name": "VocAlgorithm_get_states",
            "description": "Get current algorithm states.",
            "parameters": [
                "VocAlgorithmParams *params",
                "int32_t *state0",
                "int32_t *state1"
            ],
            "return_type": "void",
            "practices": {
                "API order": "Call after VocAlgorithm_init.",
                "parameter usage": "Ensure all pointer params are initialized.",
                "return value handling": "N/A"
            }
        },
        {
            "name": "VocAlgorithm_set_states",
            "description": "Restore previously retrieved algorithm states.",
            "parameters": [
                "VocAlgorithmParams *params",
                "int32_t state0",
                "int32_t state1"
            ],
            "return_type": "void",
            "practices": {
                "API order": "Call before VocAlgorithm_process.",
                "parameter usage": "Match previous states with get_states.",
                "return value handling": "N/A"
            }
        },
        {
            "name": "VocAlgorithm_set_tuning_parameters",
            "description": "Customize the VOC algorithm parameters.",
            "parameters": [
                "VocAlgorithmParams *params",
                "int32_t voc_index_offset",
                "int32_t learning_time_hours",
                "int32_t gating_max_duration_minutes",
                "int32_t std_initial"
            ],
            "return_type": "void",
            "practices": {
                "API order": "Optional: Call after VocAlgorithm_init.",
                "parameter usage": "Ensure parameters match expected ranges.",
                "return value handling": "N/A"
            }
        },
        {
            "name": "VocAlgorithm_process",
            "description": "Calculate VOC index from raw sensor value.",
            "parameters": [
                "VocAlgorithmParams *params",
                "int32_t sraw",
                "int32_t *voc_index"
            ],
            "return_type": "void",
            "practices": {
                "API order": "Call after VocAlgorithm_init.",
                "parameter usage": "Ensure sraw is valid.",
                "return value handling": "Check voc_index pointer."
            }
        }
    ]
}