{
    "PIR.h": [
        {
            "name": "add",
            "description": "adds a pin to the set",
            "parameters": [
                "uint8_t pin"
            ],
            "return_type": "uint8_t",
            "practices": {
                "API order": "#include 'PIR.h', call in setup()",
                "parameter usage": "P.add(3);",
                "return value handling": "uint8_t result = P.add(3);"
            }
        },
        {
            "name": "count",
            "description": "returns number of PIR sensors added",
            "parameters": [],
            "return_type": "uint8_t",
            "practices": {
                "API order": "#include 'PIR.h', call after P.add()",
                "parameter usage": "uint8_t sensorCount = P.count();",
                "return value handling": "uint8_t sensorCount = P.count();"
            }
        },
        {
            "name": "read",
            "description": "read all PIR sensors in the set",
            "parameters": [],
            "return_type": "uint8_t",
            "practices": {
                "API order": "#include 'PIR.h', call in loop()",
                "parameter usage": "uint8_t allValues = P.read();",
                "return value handling": "uint8_t allValues = P.read();"
            }
        },
        {
            "name": "lastValue",
            "description": "returns last values read with read()",
            "parameters": [],
            "return_type": "uint8_t",
            "practices": {
                "API order": "#include 'PIR.h', call after P.read()",
                "parameter usage": "uint8_t lastVal = P.lastValue();",
                "return value handling": "uint8_t lastVal = P.lastValue();"
            }
        },
        {
            "name": "changed",
            "description": "returns bit mask of changed pins",
            "parameters": [],
            "return_type": "uint8_t",
            "practices": {
                "API order": "#include 'PIR.h', call after P.read()",
                "parameter usage": "uint8_t changedPins = P.changed();",
                "return value handling": "uint8_t changedPins = P.changed();"
            }
        },
        {
            "name": "read",
            "description": "read a specific PIR sensor",
            "parameters": [
                "uint8_t index"
            ],
            "return_type": "uint8_t",
            "practices": {
                "API order": "#include 'PIR.h', call in loop()",
                "parameter usage": "uint8_t specificValue = P.read(1);",
                "return value handling": "uint8_t specificValue = P.read(1);"
            }
        }
    ]
}