{
    "ADXL345.h": [
        {
            "name": "powerOn",
            "description": "Power on the device",
            "parameters": [],
            "return_type": "void",
            "practices": {
                "API order": "#include <ADXL345.h> and call adxl.powerOn()",
                "parameter usage": "No parameters needed",
                "return value handling": "No return value to handle"
            }
        },
        {
            "name": "readAccel",
            "description": "Read x, y, z acceleration values",
            "parameters": [
                "int* xyx"
            ],
            "return_type": "void",
            "practices": {
                "API order": "#include <ADXL345.h> and call adxl.powerOn()",
                "parameter usage": "int xyz[3]; adxl.readAccel(xyz);",
                "return value handling": "No return value to handle"
            }
        },
        {
            "name": "readXYZ",
            "description": "Read individual x, y, z values",
            "parameters": [
                "int* x",
                "int* y",
                "int* z"
            ],
            "return_type": "void",
            "practices": {
                "API order": "#include <ADXL345.h> and call adxl.powerOn()",
                "parameter usage": "int x, y, z; adxl.readXYZ(&x, &y, &z);",
                "return value handling": "No return value to handle"
            }
        },
        {
            "name": "getAcceleration",
            "description": "Get acceleration in G's",
            "parameters": [
                "double *xyz"
            ],
            "return_type": "void",
            "practices": {
                "API order": "#include <ADXL345.h> and call adxl.powerOn()",
                "parameter usage": "double xyz[3]; adxl.getAcceleration(xyz);",
                "return value handling": "No return value to handle"
            }
        },
        {
            "name": "setTapThreshold",
            "description": "Set the tap threshold",
            "parameters": [
                "int tapThreshold"
            ],
            "return_type": "void",
            "practices": {
                "API order": "#include <ADXL345.h> and call adxl.powerOn()",
                "parameter usage": "adxl.setTapThreshold(50);",
                "return value handling": "No return value to handle"
            }
        },
        {
            "name": "getTapThreshold",
            "description": "Get the tap threshold",
            "parameters": [],
            "return_type": "int",
            "practices": {
                "API order": "#include <ADXL345.h> and call adxl.powerOn()",
                "parameter usage": "No parameters needed",
                "return value handling": "int threshold = adxl.getTapThreshold();"
            }
        },
        {
            "name": "setAxisGains",
            "description": "Set axis gain values",
            "parameters": [
                "double *_gains"
            ],
            "return_type": "void",
            "practices": {
                "API order": "#include <ADXL345.h> and call adxl.powerOn()",
                "parameter usage": "double gains[3] = {1.0, 1.0, 1.0}; adxl.setAxisGains(gains);",
                "return value handling": "No return value to handle"
            }
        },
        {
            "name": "getAxisGains",
            "description": "Get axis gain values",
            "parameters": [
                "double *_gains"
            ],
            "return_type": "void",
            "practices": {
                "API order": "#include <ADXL345.h> and call adxl.powerOn()",
                "parameter usage": "double gains[3]; adxl.getAxisGains(gains);",
                "return value handling": "No return value to handle"
            }
        },
        {
            "name": "setAxisOffset",
            "description": "Set axis offset values",
            "parameters": [
                "int x",
                "int y",
                "int z"
            ],
            "return_type": "void",
            "practices": {
                "API order": "#include <ADXL345.h> and call adxl.powerOn()",
                "parameter usage": "adxl.setAxisOffset(0, 0, 0);",
                "return value handling": "No return value to handle"
            }
        },
        {
            "name": "getAxisOffset",
            "description": "Get axis offset values",
            "parameters": [
                "int* x",
                "int* y",
                "int* z"
            ],
            "return_type": "void",
            "practices": {
                "API order": "#include <ADXL345.h> and call adxl.powerOn()",
                "parameter usage": "int x, y, z; adxl.getAxisOffset(&x, &y, &z);",
                "return value handling": "No return value to handle"
            }
        },
        {
            "name": "setTapDuration",
            "description": "Set the tap duration",
            "parameters": [
                "int tapDuration"
            ],
            "return_type": "void",
            "practices": {
                "API order": "#include <ADXL345.h>; adxl.powerOn();",
                "parameter usage": "adxl.setTapDuration(15);",
                "return value handling": "Not applicable"
            }
        },
        {
            "name": "getTapDuration",
            "description": "Get the tap duration",
            "parameters": [],
            "return_type": "int",
            "practices": {
                "API order": "#include <ADXL345.h>; adxl.powerOn();",
                "parameter usage": "int duration = adxl.getTapDuration();",
                "return value handling": "Use it directly"
            }
        },
        {
            "name": "setDoubleTapLatency",
            "description": "Set double tap latency",
            "parameters": [
                "int doubleTapLatency"
            ],
            "return_type": "void",
            "practices": {
                "API order": "#include <ADXL345.h>; adxl.powerOn();",
                "parameter usage": "adxl.setDoubleTapLatency(80);",
                "return value handling": "Not applicable"
            }
        },
        {
            "name": "getDoubleTapLatency",
            "description": "Get double tap latency",
            "parameters": [],
            "return_type": "int",
            "practices": {
                "API order": "#include <ADXL345.h>; adxl.powerOn();",
                "parameter usage": "int latency = adxl.getDoubleTapLatency();",
                "return value handling": "Use it directly"
            }
        },
        {
            "name": "setDoubleTapWindow",
            "description": "Set double tap window",
            "parameters": [
                "int doubleTapWindow"
            ],
            "return_type": "void",
            "practices": {
                "API order": "#include <ADXL345.h>; adxl.powerOn();",
                "parameter usage": "adxl.setDoubleTapWindow(200);",
                "return value handling": "Not applicable"
            }
        },
        {
            "name": "getDoubleTapWindow",
            "description": "Get double tap window",
            "parameters": [],
            "return_type": "int",
            "practices": {
                "API order": "#include <ADXL345.h>; adxl.powerOn();",
                "parameter usage": "int window = adxl.getDoubleTapWindow();",
                "return value handling": "Use it directly"
            }
        },
        {
            "name": "setActivityThreshold",
            "description": "Set the activity threshold",
            "parameters": [
                "int activityThreshold"
            ],
            "return_type": "void",
            "practices": {
                "API order": "#include <ADXL345.h>; adxl.powerOn();",
                "parameter usage": "adxl.setActivityThreshold(75);",
                "return value handling": "Not applicable"
            }
        },
        {
            "name": "getActivityThreshold",
            "description": "Get the activity threshold",
            "parameters": [],
            "return_type": "int",
            "practices": {
                "API order": "#include <ADXL345.h>; adxl.powerOn();",
                "parameter usage": "int threshold = adxl.getActivityThreshold();",
                "return value handling": "Use it directly"
            }
        },
        {
            "name": "setInactivityThreshold",
            "description": "Set the inactivity threshold",
            "parameters": [
                "int inactivityThreshold"
            ],
            "return_type": "void",
            "practices": {
                "API order": "#include <ADXL345.h>; adxl.powerOn();",
                "parameter usage": "adxl.setInactivityThreshold(75);",
                "return value handling": "Not applicable"
            }
        },
        {
            "name": "getInactivityThreshold",
            "description": "Get inactivity threshold",
            "parameters": [],
            "return_type": "int",
            "practices": {
                "API order": "#include <ADXL345.h>; adxl.powerOn();",
                "parameter usage": "int threshold = adxl.getInactivityThreshold();",
                "return value handling": "Use it directly"
            }
        },
        {
            "name": "setTimeInactivity",
            "description": "Set time inactivity",
            "parameters": [
                "int timeInactivity"
            ],
            "return_type": "void",
            "practices": {
                "API order": "#include <ADXL345.h>, adxl.powerOn();",
                "parameter usage": "adxl.setTimeInactivity(10);",
                "return value handling": "No return value"
            }
        },
        {
            "name": "getTimeInactivity",
            "description": "Get time inactivity",
            "parameters": [],
            "return_type": "int",
            "practices": {
                "API order": "#include <ADXL345.h>, adxl.powerOn();",
                "parameter usage": "int time = adxl.getTimeInactivity();",
                "return value handling": "Store in int"
            }
        },
        {
            "name": "setFreeFallThreshold",
            "description": "Set free fall threshold",
            "parameters": [
                "int freeFallthreshold"
            ],
            "return_type": "void",
            "practices": {
                "API order": "#include <ADXL345.h>, adxl.powerOn();",
                "parameter usage": "adxl.setFreeFallThreshold(7);",
                "return value handling": "No return value"
            }
        },
        {
            "name": "getFreeFallThreshold",
            "description": "Get free fall threshold",
            "parameters": [],
            "return_type": "int",
            "practices": {
                "API order": "#include <ADXL345.h>, adxl.powerOn();",
                "parameter usage": "int threshold = adxl.getFreeFallThreshold();",
                "return value handling": "Store in int"
            }
        },
        {
            "name": "setFreeFallDuration",
            "description": "Set free fall duration",
            "parameters": [
                "int freeFallDuration"
            ],
            "return_type": "void",
            "practices": {
                "API order": "#include <ADXL345.h>, adxl.powerOn();",
                "parameter usage": "adxl.setFreeFallDuration(45);",
                "return value handling": "No return value"
            }
        },
        {
            "name": "getFreeFallDuration",
            "description": "Get free fall duration",
            "parameters": [],
            "return_type": "int",
            "practices": {
                "API order": "#include <ADXL345.h>, adxl.powerOn();",
                "parameter usage": "int duration = adxl.getFreeFallDuration();",
                "return value handling": "Store in int"
            }
        },
        {
            "name": "isActivityXEnabled",
            "description": "Check if activity X is enabled",
            "parameters": [],
            "return_type": "bool",
            "practices": {
                "API order": "#include <ADXL345.h>, adxl.powerOn();",
                "parameter usage": "bool actX = adxl.isActivityXEnabled();",
                "return value handling": "Store in bool"
            }
        },
        {
            "name": "isActivityYEnabled",
            "description": "Check if activity Y is enabled",
            "parameters": [],
            "return_type": "bool",
            "practices": {
                "API order": "#include <ADXL345.h>, adxl.powerOn();",
                "parameter usage": "bool actY = adxl.isActivityYEnabled();",
                "return value handling": "Store in bool"
            }
        },
        {
            "name": "isActivityZEnabled",
            "description": "Check if activity Z is enabled",
            "parameters": [],
            "return_type": "bool",
            "practices": {
                "API order": "#include <ADXL345.h>, adxl.powerOn();",
                "parameter usage": "bool actZ = adxl.isActivityZEnabled();",
                "return value handling": "Store in bool"
            }
        },
        {
            "name": "isInactivityXEnabled",
            "description": "Check if inactivity X is enabled",
            "parameters": [],
            "return_type": "bool",
            "practices": {
                "API order": "#include <ADXL345.h>, adxl.powerOn();",
                "parameter usage": "bool inactX = adxl.isInactivityXEnabled();",
                "return value handling": "Store in bool"
            }
        },
        {
            "name": "isInactivityYEnabled",
            "description": "Check if inactivity Y is enabled",
            "parameters": [],
            "return_type": "bool",
            "practices": {
                "API order": "#include <ADXL345.h>, adxl.powerOn()",
                "parameter usage": "N/A",
                "return value handling": "bool isYEnabled = adxl.isInactivityYEnabled();"
            }
        },
        {
            "name": "isInactivityZEnabled",
            "description": "Check if inactivity Z is enabled",
            "parameters": [],
            "return_type": "bool",
            "practices": {
                "API order": "#include <ADXL345.h>, adxl.powerOn()",
                "parameter usage": "N/A",
                "return value handling": "bool isZEnabled = adxl.isInactivityZEnabled();"
            }
        },
        {
            "name": "isActivityAc",
            "description": "Check if activity AC is enabled",
            "parameters": [],
            "return_type": "bool",
            "practices": {
                "API order": "#include <ADXL345.h>, adxl.powerOn()",
                "parameter usage": "N/A",
                "return value handling": "bool isActiveAc = adxl.isActivityAc();"
            }
        },
        {
            "name": "isInactivityAc",
            "description": "Check if inactivity AC is enabled",
            "parameters": [],
            "return_type": "bool",
            "practices": {
                "API order": "#include <ADXL345.h>, adxl.powerOn()",
                "parameter usage": "N/A",
                "return value handling": "bool isInactiveAc = adxl.isInactivityAc();"
            }
        },
        {
            "name": "setActivityAc",
            "description": "Set activity AC state",
            "parameters": [
                "bool state"
            ],
            "return_type": "void",
            "practices": {
                "API order": "#include <ADXL345.h>, adxl.powerOn()",
                "parameter usage": "adxl.setActivityAc(true);",
                "return value handling": "N/A"
            }
        },
        {
            "name": "setInactivityAc",
            "description": "Set inactivity AC state",
            "parameters": [
                "bool state"
            ],
            "return_type": "void",
            "practices": {
                "API order": "#include <ADXL345.h>, adxl.powerOn()",
                "parameter usage": "adxl.setInactivityAc(true);",
                "return value handling": "N/A"
            }
        },
        {
            "name": "getSuppressBit",
            "description": "Get suppress bit state",
            "parameters": [],
            "return_type": "bool",
            "practices": {
                "API order": "#include <ADXL345.h>, adxl.powerOn()",
                "parameter usage": "N/A",
                "return value handling": "bool suppressBit = adxl.getSuppressBit();"
            }
        },
        {
            "name": "setSuppressBit",
            "description": "Set suppress bit state",
            "parameters": [
                "bool state"
            ],
            "return_type": "void",
            "practices": {
                "API order": "#include <ADXL345.h>, adxl.powerOn()",
                "parameter usage": "adxl.setSuppressBit(true);",
                "return value handling": "N/A"
            }
        },
        {
            "name": "isTapDetectionOnX",
            "description": "Check tap detection on X",
            "parameters": [],
            "return_type": "bool",
            "practices": {
                "API order": "#include <ADXL345.h>, adxl.powerOn()",
                "parameter usage": "N/A",
                "return value handling": "bool tapOnX = adxl.isTapDetectionOnX();"
            }
        },
        {
            "name": "setTapDetectionOnX",
            "description": "Set tap detection on X",
            "parameters": [
                "bool state"
            ],
            "return_type": "void",
            "practices": {
                "API order": "#include <ADXL345.h>, adxl.powerOn()",
                "parameter usage": "adxl.setTapDetectionOnX(true);",
                "return value handling": "N/A"
            }
        },
        {
            "name": "isTapDetectionOnY",
            "description": "Check tap detection on Y",
            "parameters": [],
            "return_type": "bool",
            "practices": {
                "API order": "#include <ADXL345.h>; adxl.powerOn();",
                "parameter usage": "bool state = adxl.isTapDetectionOnY();",
                "return value handling": "Use the bool value in logic."
            }
        },
        {
            "name": "setTapDetectionOnY",
            "description": "Set tap detection on Y",
            "parameters": [
                "bool state"
            ],
            "return_type": "void",
            "practices": {
                "API order": "#include <ADXL345.h>; adxl.powerOn();",
                "parameter usage": "adxl.setTapDetectionOnY(true);",
                "return value handling": "None required."
            }
        },
        {
            "name": "isTapDetectionOnZ",
            "description": "Check tap detection on Z",
            "parameters": [],
            "return_type": "bool",
            "practices": {
                "API order": "#include <ADXL345.h>; adxl.powerOn();",
                "parameter usage": "bool state = adxl.isTapDetectionOnZ();",
                "return value handling": "Use the bool value in logic."
            }
        },
        {
            "name": "setTapDetectionOnZ",
            "description": "Set tap detection on Z",
            "parameters": [
                "bool state"
            ],
            "return_type": "void",
            "practices": {
                "API order": "#include <ADXL345.h>; adxl.powerOn();",
                "parameter usage": "adxl.setTapDetectionOnZ(true);",
                "return value handling": "None required."
            }
        },
        {
            "name": "setActivityX",
            "description": "Set activity on X axis",
            "parameters": [
                "bool state"
            ],
            "return_type": "void",
            "practices": {
                "API order": "#include <ADXL345.h>; adxl.powerOn();",
                "parameter usage": "adxl.setActivityX(true);",
                "return value handling": "None required."
            }
        },
        {
            "name": "setActivityY",
            "description": "Set activity on Y axis",
            "parameters": [
                "bool state"
            ],
            "return_type": "void",
            "practices": {
                "API order": "#include <ADXL345.h>; adxl.powerOn();",
                "parameter usage": "adxl.setActivityY(true);",
                "return value handling": "None required."
            }
        },
        {
            "name": "setActivityZ",
            "description": "Set activity on Z axis",
            "parameters": [
                "bool state"
            ],
            "return_type": "void",
            "practices": {
                "API order": "#include <ADXL345.h>; adxl.powerOn();",
                "parameter usage": "adxl.setActivityZ(true);",
                "return value handling": "None required."
            }
        },
        {
            "name": "setInactivityX",
            "description": "Set inactivity on X axis",
            "parameters": [
                "bool state"
            ],
            "return_type": "void",
            "practices": {
                "API order": "#include <ADXL345.h>; adxl.powerOn();",
                "parameter usage": "adxl.setInactivityX(true);",
                "return value handling": "None required."
            }
        },
        {
            "name": "setInactivityY",
            "description": "Set inactivity on Y axis",
            "parameters": [
                "bool state"
            ],
            "return_type": "void",
            "practices": {
                "API order": "#include <ADXL345.h>; adxl.powerOn();",
                "parameter usage": "adxl.setInactivityY(true);",
                "return value handling": "None required."
            }
        },
        {
            "name": "setInactivityZ",
            "description": "Set inactivity on Z axis",
            "parameters": [
                "bool state"
            ],
            "return_type": "void",
            "practices": {
                "API order": "#include <ADXL345.h>; adxl.powerOn();",
                "parameter usage": "adxl.setInactivityZ(true);",
                "return value handling": "None required."
            }
        },
        {
            "name": "isActivitySourceOnX",
            "description": "Check activity source on X axis",
            "parameters": [],
            "return_type": "bool",
            "practices": {
                "API order": "Include ADXL345.h after Wire.h.",
                "parameter usage": "None; directly call the function.",
                "return value handling": "Check if true to determine activity on X axis."
            }
        },
        {
            "name": "isActivitySourceOnY",
            "description": "Check activity source on Y axis",
            "parameters": [],
            "return_type": "bool",
            "practices": {
                "API order": "Include after Wire.h.",
                "parameter usage": "No parameters; direct call.",
                "return value handling": "Use return value to check Y axis activity."
            }
        },
        {
            "name": "isActivitySourceOnZ",
            "description": "Check activity source on Z axis",
            "parameters": [],
            "return_type": "bool",
            "practices": {
                "API order": "Include after Wire.h.",
                "parameter usage": "Call directly as function takes no parameters.",
                "return value handling": "Verify returned true for Z axis activity."
            }
        },
        {
            "name": "isTapSourceOnX",
            "description": "Check tap source on X axis",
            "parameters": [],
            "return_type": "bool",
            "practices": {
                "API order": "Include ADXL345.h.",
                "parameter usage": "Direct function call without parameters.",
                "return value handling": "Check true/false for tap on X axis."
            }
        },
        {
            "name": "isTapSourceOnY",
            "description": "Check tap source on Y axis",
            "parameters": [],
            "return_type": "bool",
            "practices": {
                "API order": "Include after Wire.h.",
                "parameter usage": "Direct call with no parameters.",
                "return value handling": "Check return for Y axis tap detection."
            }
        },
        {
            "name": "isTapSourceOnZ",
            "description": "Check tap source on Z axis",
            "parameters": [],
            "return_type": "bool",
            "practices": {
                "API order": "Include ADXL345.h after Wire.h.",
                "parameter usage": "No parameters necessary; direct call.",
                "return value handling": "Use true/false for Z axis tap detection."
            }
        },
        {
            "name": "isAsleep",
            "description": "Check if device is asleep",
            "parameters": [],
            "return_type": "bool",
            "practices": {
                "API order": "Ensure ADXL345.h is included.",
                "parameter usage": "Function takes no parameters.",
                "return value handling": "Handle true for device asleep state."
            }
        },
        {
            "name": "isLowPower",
            "description": "Check if in low power mode",
            "parameters": [],
            "return_type": "bool",
            "practices": {
                "API order": "Include ADXL345.h.",
                "parameter usage": "No parameters needed.",
                "return value handling": "Check if low power mode is active."
            }
        },
        {
            "name": "setLowPower",
            "description": "Set low power mode",
            "parameters": [
                "bool state"
            ],
            "return_type": "void",
            "practices": {
                "API order": "Include ADXL345.h.",
                "parameter usage": "adxl.setLowPower(true); Set to enter low power.",
                "return value handling": "No return value to handle."
            }
        },
        {
            "name": "getRate",
            "description": "Get the data rate",
            "parameters": [],
            "return_type": "double",
            "practices": {
                "API order": "ADXL345.h must be included.",
                "parameter usage": "adxl.getRate(); Call without parameters.",
                "return value handling": "Store returned rate in double variable."
            }
        },
        {
            "name": "setRate",
            "description": "Set the data rate",
            "parameters": [
                "double rate"
            ],
            "return_type": "void",
            "practices": {
                "API order": "#include <ADXL345.h>; adxl.powerOn();",
                "parameter usage": "adxl.setRate(100);",
                "return value handling": "void function, no return handling."
            }
        },
        {
            "name": "set_bw",
            "description": "Set bandwidth code",
            "parameters": [
                "byte bw_code"
            ],
            "return_type": "void",
            "practices": {
                "API order": "#include <ADXL345.h>; adxl.powerOn();",
                "parameter usage": "adxl.set_bw(8);",
                "return value handling": "void function, no return handling."
            }
        },
        {
            "name": "get_bw_code",
            "description": "Get bandwidth code",
            "parameters": [],
            "return_type": "byte",
            "practices": {
                "API order": "#include <ADXL345.h>; adxl.powerOn();",
                "parameter usage": "byte code = adxl.get_bw_code();",
                "return value handling": "Validate byte return; if (code == desired_code) { ... }"
            }
        },
        {
            "name": "triggered",
            "description": "Check if triggered by mask",
            "parameters": [
                "byte interrupts",
                "int mask"
            ],
            "return_type": "bool",
            "practices": {
                "API order": "#include <ADXL345.h>; adxl.powerOn();",
                "parameter usage": "bool trig = adxl.triggered(8, 16);",
                "return value handling": "if (trig) { handle_trigger(); }"
            }
        },
        {
            "name": "getInterruptSource",
            "description": "Get interrupt source",
            "parameters": [],
            "return_type": "byte",
            "practices": {
                "API order": "#include <ADXL345.h>; adxl.powerOn();",
                "parameter usage": "byte source = adxl.getInterruptSource();",
                "return value handling": "Validate byte return; if (source & desired_source) { ... }"
            }
        },
        {
            "name": "getInterruptSource",
            "description": "Get specific interrupt source",
            "parameters": [
                "byte interruptBit"
            ],
            "return_type": "bool",
            "practices": {
                "API order": "#include <ADXL345.h>; adxl.powerOn();",
                "parameter usage": "bool source = adxl.getInterruptSource(8);",
                "return value handling": "if (source) { handle_interrupt(); }"
            }
        },
        {
            "name": "getInterruptMapping",
            "description": "Get interrupt mapping",
            "parameters": [
                "byte interruptBit"
            ],
            "return_type": "bool",
            "practices": {
                "API order": "#include <ADXL345.h>; adxl.powerOn();",
                "parameter usage": "bool mapping = adxl.getInterruptMapping(7);",
                "return value handling": "if (mapping) { adjust_mapping(); }"
            }
        },
        {
            "name": "setInterruptMapping",
            "description": "Set interrupt mapping",
            "parameters": [
                "byte interruptBit",
                "bool interruptPin"
            ],
            "return_type": "void",
            "practices": {
                "API order": "#include <ADXL345.h>; adxl.powerOn();",
                "parameter usage": "adxl.setInterruptMapping(8, true);",
                "return value handling": "void function, no return handling."
            }
        },
        {
            "name": "isInterruptEnabled",
            "description": "Check if interrupt is enabled",
            "parameters": [
                "byte interruptBit"
            ],
            "return_type": "bool",
            "practices": {
                "API order": "#include <ADXL345.h>; adxl.powerOn();",
                "parameter usage": "bool enabled = adxl.isInterruptEnabled(3);",
                "return value handling": "if (enabled) { enable_settings(); }"
            }
        },
        {
            "name": "setInterrupt",
            "description": "Enable or disable interrupt",
            "parameters": [
                "byte interruptBit",
                "bool state"
            ],
            "return_type": "void",
            "practices": {
                "API order": "#include <ADXL345.h>; adxl.powerOn();",
                "parameter usage": "adxl.setInterrupt(9, true);",
                "return value handling": "void function, no return handling."
            }
        },
        {
            "name": "getRangeSetting",
            "description": "Get range setting",
            "parameters": [
                "byte* rangeSetting"
            ],
            "return_type": "void",
            "practices": {
                "API order": "#include <ADXL345.h>",
                "parameter usage": "byte range; getRangeSetting(&range);",
                "return value handling": "void, no return handling needed"
            }
        },
        {
            "name": "setRangeSetting",
            "description": "Set range setting",
            "parameters": [
                "int val"
            ],
            "return_type": "void",
            "practices": {
                "API order": "#include <ADXL345.h>",
                "parameter usage": "setRangeSetting(16);",
                "return value handling": "void, no return handling needed"
            }
        },
        {
            "name": "getSelfTestBit",
            "description": "Get self-test bit state",
            "parameters": [],
            "return_type": "bool",
            "practices": {
                "API order": "#include <ADXL345.h>",
                "parameter usage": "bool testBit = getSelfTestBit();",
                "return value handling": "bool, handle bool result"
            }
        },
        {
            "name": "setSelfTestBit",
            "description": "Set self-test bit state",
            "parameters": [
                "bool selfTestBit"
            ],
            "return_type": "void",
            "practices": {
                "API order": "#include <ADXL345.h>",
                "parameter usage": "setSelfTestBit(true);",
                "return value handling": "void, no return handling needed"
            }
        },
        {
            "name": "getSpiBit",
            "description": "Get SPI bit state",
            "parameters": [],
            "return_type": "bool",
            "practices": {
                "API order": "#include <ADXL345.h>",
                "parameter usage": "bool spiBit = getSpiBit();",
                "return value handling": "bool, handle bool result"
            }
        },
        {
            "name": "setSpiBit",
            "description": "Set SPI bit state",
            "parameters": [
                "bool spiBit"
            ],
            "return_type": "void",
            "practices": {
                "API order": "#include <ADXL345.h>",
                "parameter usage": "setSpiBit(true);",
                "return value handling": "void, no return handling needed"
            }
        },
        {
            "name": "getInterruptLevelBit",
            "description": "Get interrupt level bit state",
            "parameters": [],
            "return_type": "bool",
            "practices": {
                "API order": "#include <ADXL345.h>",
                "parameter usage": "bool intLevel = getInterruptLevelBit();",
                "return value handling": "bool, handle bool result"
            }
        },
        {
            "name": "setInterruptLevelBit",
            "description": "Set interrupt level bit state",
            "parameters": [
                "bool interruptLevelBit"
            ],
            "return_type": "void",
            "practices": {
                "API order": "#include <ADXL345.h>",
                "parameter usage": "setInterruptLevelBit(true);",
                "return value handling": "void, no return handling needed"
            }
        },
        {
            "name": "getFullResBit",
            "description": "Get full resolution bit state",
            "parameters": [],
            "return_type": "bool",
            "practices": {
                "API order": "#include <ADXL345.h>",
                "parameter usage": "bool fullRes = getFullResBit();",
                "return value handling": "bool, handle bool result"
            }
        },
        {
            "name": "setFullResBit",
            "description": "Set full resolution bit state",
            "parameters": [
                "bool fullResBit"
            ],
            "return_type": "void",
            "practices": {
                "API order": "#include <ADXL345.h>",
                "parameter usage": "setFullResBit(true);",
                "return value handling": "void, no return handling needed"
            }
        },
        {
            "name": "getJustifyBit",
            "description": "Get justify bit state",
            "parameters": [],
            "return_type": "bool",
            "practices": {
                "API order": "#include <ADXL345.h>",
                "parameter usage": "No parameters required",
                "return value handling": "bool justifyState = adxl.getJustifyBit();"
            }
        },
        {
            "name": "setJustifyBit",
            "description": "Set justify bit state",
            "parameters": [
                "bool justifyBit"
            ],
            "return_type": "void",
            "practices": {
                "API order": "#include <ADXL345.h>",
                "parameter usage": "adxl.setJustifyBit(true);",
                "return value handling": "No return value"
            }
        },
        {
            "name": "printAllRegister",
            "description": "Print all register values",
            "parameters": [],
            "return_type": "void",
            "practices": {
                "API order": "#include <ADXL345.h>",
                "parameter usage": "No parameters required",
                "return value handling": "No return value"
            }
        }
    ]
}