{
    "TCS34725.h": [
        {
            "name": "attach",
            "description": "Attach and initialize sensor",
            "parameters": [
                "WireType& w = Wire"
            ],
            "return_type": "bool",
            "practices": {
                "API order": "#include \"TCS34725.h\", Call attach() in setup()",
                "parameter usage": "tcs.attach(Wire);",
                "return value handling": "if (!tcs.attach(Wire)) { /* handle error */ }"
            }
        },
        {
            "name": "power",
            "description": "Power on or off the sensor",
            "parameters": [
                "bool b"
            ],
            "return_type": "void",
            "practices": {
                "API order": "#include \"TCS34725.h\", Attach before calling",
                "parameter usage": "tcs.power(true);",
                "return value handling": "N/A"
            }
        },
        {
            "name": "enableColorTempAndLuxCalculation",
            "description": "Enable or disable lux calculation",
            "parameters": [
                "bool b"
            ],
            "return_type": "void",
            "practices": {
                "API order": "#include \"TCS34725.h\", Call during setup",
                "parameter usage": "tcs.enableColorTempAndLuxCalculation(true);",
                "return value handling": "N/A"
            }
        },
        {
            "name": "integrationTime",
            "description": "Set integration time for sensor",
            "parameters": [
                "float ms"
            ],
            "return_type": "void",
            "practices": {
                "API order": "#include \"TCS34725.h\", Set after attach",
                "parameter usage": "tcs.integrationTime(33.0);",
                "return value handling": "N/A"
            }
        },
        {
            "name": "gain",
            "description": "Set sensor gain",
            "parameters": [
                "Gain g"
            ],
            "return_type": "void",
            "practices": {
                "API order": "#include \"TCS34725.h\", Set after attach",
                "parameter usage": "tcs.gain(TCS34725::Gain::X01);",
                "return value handling": "N/A"
            }
        },
        {
            "name": "scale",
            "description": "Set scaling factor for color values",
            "parameters": [
                "float s"
            ],
            "return_type": "void",
            "practices": {
                "API order": "#include \"TCS34725.h\", Set during initialization",
                "parameter usage": "tcs.scale(1.0);",
                "return value handling": "N/A"
            }
        },
        {
            "name": "glassAttenuation",
            "description": "Set glass attenuation factor",
            "parameters": [
                "float v"
            ],
            "return_type": "void",
            "practices": {
                "API order": "#include \"TCS34725.h\", Set during initialization",
                "parameter usage": "tcs.glassAttenuation(0.5);",
                "return value handling": "N/A"
            }
        },
        {
            "name": "persistence",
            "description": "Set persistence register",
            "parameters": [
                "uint16_t data"
            ],
            "return_type": "void",
            "practices": {
                "API order": "#include \"TCS34725.h\", Configure as needed",
                "parameter usage": "tcs.persistence(0x10);",
                "return value handling": "N/A"
            }
        },
        {
            "name": "available",
            "description": "Check if new data is available",
            "parameters": [],
            "return_type": "bool",
            "practices": {
                "API order": "#include \"TCS34725.h\", Can be called in loop",
                "parameter usage": "if (tcs.available()) { /* process data */ }",
                "return value handling": "if (tcs.available()) { /* process data */ }"
            }
        },
        {
            "name": "color",
            "description": "Get the RGB color values",
            "parameters": [],
            "return_type": "Color",
            "practices": {
                "API order": "#include \"TCS34725.h\", Call in loop after available()",
                "parameter usage": "TCS34725::Color color = tcs.color();",
                "return value handling": "Log or use the RGB values."
            }
        },
        {
            "name": "raw",
            "description": "Get raw sensor data",
            "parameters": [],
            "return_type": "const RawData&",
            "practices": {
                "API order": "#include \"TCS34725.h\"; init TCS34725 tcs",
                "parameter usage": "TCS34725::RawData data = tcs.raw()",
                "return value handling": "Check fields in returned RawData"
            }
        },
        {
            "name": "lux",
            "description": "Get calculated lux value",
            "parameters": [],
            "return_type": "float",
            "practices": {
                "API order": "#include \"TCS34725.h\"; init TCS34725 tcs",
                "parameter usage": "float brightness = tcs.lux()",
                "return value handling": "Store return in float variable"
            }
        },
        {
            "name": "colorTemperature",
            "description": "Get calculated color temperature",
            "parameters": [],
            "return_type": "float",
            "practices": {
                "API order": "#include \"TCS34725.h\"; init TCS34725 tcs",
                "parameter usage": "float temp = tcs.colorTemperature()",
                "return value handling": "Store return in float variable"
            }
        },
        {
            "name": "interrupt",
            "description": "Enable or disable interrupts",
            "parameters": [
                "bool b"
            ],
            "return_type": "void",
            "practices": {
                "API order": "#include \"TCS34725.h\"; init TCS34725 tcs",
                "parameter usage": "tcs.interrupt(true)",
                "return value handling": "No return value to handle"
            }
        },
        {
            "name": "clearInterrupt",
            "description": "Clear the interrupt flag",
            "parameters": [],
            "return_type": "void",
            "practices": {
                "API order": "#include \"TCS34725.h\"; init TCS34725 tcs",
                "parameter usage": "tcs.clearInterrupt()",
                "return value handling": "No return value to handle"
            }
        },
        {
            "name": "write8",
            "description": "Write 8-bit value to register",
            "parameters": [
                "Reg reg",
                "uint8_t value"
            ],
            "return_type": "void",
            "practices": {
                "API order": "#include \"TCS34725.h\"; init TCS34725 tcs",
                "parameter usage": "tcs.write8(register, value)",
                "return value handling": "No return value to handle"
            }
        },
        {
            "name": "read8",
            "description": "Read 8-bit value from register",
            "parameters": [
                "Reg reg"
            ],
            "return_type": "uint8_t",
            "practices": {
                "API order": "#include \"TCS34725.h\"; init TCS34725 tcs",
                "parameter usage": "uint8_t val = tcs.read8(register)",
                "return value handling": "Store return in uint8_t variable"
            }
        },
        {
            "name": "read16",
            "description": "Read 16-bit value from register",
            "parameters": [
                "Reg reg"
            ],
            "return_type": "uint16_t",
            "practices": {
                "API order": "#include \"TCS34725.h\"; init TCS34725 tcs",
                "parameter usage": "uint16_t val = tcs.read16(register)",
                "return value handling": "Store return in uint16_t variable"
            }
        }
    ]
}