{
    "Adafruit_PN532.h": [
        {
            "name": "begin",
            "description": "Initialize the PN532",
            "parameters": [],
            "return_type": "bool",
            "practices": {
                "API order": "#include <Adafruit_PN532.h>; nfc.begin();",
                "parameter usage": "nfc.begin();",
                "return value handling": "Check if false, handle errors."
            }
        },
        {
            "name": "reset",
            "description": "Reset the PN532",
            "parameters": [],
            "return_type": "void",
            "practices": {
                "API order": "#include <Adafruit_PN532.h>; nfc.reset();",
                "parameter usage": "nfc.reset();",
                "return value handling": "None necessary."
            }
        },
        {
            "name": "wakeup",
            "description": "Wake up the PN532",
            "parameters": [],
            "return_type": "void",
            "practices": {
                "API order": "#include <Adafruit_PN532.h>; nfc.wakeup();",
                "parameter usage": "nfc.wakeup();",
                "return value handling": "None necessary."
            }
        },
        {
            "name": "SAMConfig",
            "description": "Configure the SAM",
            "parameters": [],
            "return_type": "bool",
            "practices": {
                "API order": "#include <Adafruit_PN532.h>; nfc.SAMConfig();",
                "parameter usage": "nfc.SAMConfig();",
                "return value handling": "Check if false, handle errors."
            }
        },
        {
            "name": "getFirmwareVersion",
            "description": "Get the firmware version",
            "parameters": [],
            "return_type": "uint32_t",
            "practices": {
                "API order": "#include <Adafruit_PN532.h>; nfc.getFirmwareVersion();",
                "parameter usage": "uint32_t version = nfc.getFirmwareVersion();",
                "return value handling": "Check if 0, handle errors."
            }
        },
        {
            "name": "sendCommandCheckAck",
            "description": "Send command and check ACK",
            "parameters": [
                "uint8_t *cmd",
                "uint8_t cmdlen",
                "uint16_t timeout = 100"
            ],
            "return_type": "bool",
            "practices": {
                "API order": "#include <Adafruit_PN532.h>; nfc.sendCommandCheckAck(cmd, cmdlen, timeout);",
                "parameter usage": "uint8_t cmd[] = {...}; nfc.sendCommandCheckAck(cmd, sizeof(cmd));",
                "return value handling": "Check if false, handle errors."
            }
        },
        {
            "name": "writeGPIO",
            "description": "Write to GPIO",
            "parameters": [
                "uint8_t pinstate"
            ],
            "return_type": "bool",
            "practices": {
                "API order": "#include <Adafruit_PN532.h>; nfc.writeGPIO(pinstate);",
                "parameter usage": "nfc.writeGPIO(pinstate);",
                "return value handling": "Check if false."
            }
        },
        {
            "name": "readGPIO",
            "description": "Read from GPIO",
            "parameters": [],
            "return_type": "uint8_t",
            "practices": {
                "API order": "#include <Adafruit_PN532.h>; nfc.readGPIO();",
                "parameter usage": "uint8_t gpio = nfc.readGPIO();",
                "return value handling": "Use GPIO value."
            }
        },
        {
            "name": "setPassiveActivationRetries",
            "description": "Set activation retries",
            "parameters": [
                "uint8_t maxRetries"
            ],
            "return_type": "bool",
            "practices": {
                "API order": "#include <Adafruit_PN532.h>; nfc.setPassiveActivationRetries(maxRetries);",
                "parameter usage": "nfc.setPassiveActivationRetries(5);",
                "return value handling": "Check if false, handle errors."
            }
        },
        {
            "name": "readPassiveTargetID",
            "description": "Read passive target ID",
            "parameters": [
                "uint8_t cardbaudrate",
                "uint8_t *uid",
                "uint8_t *uidLength",
                "uint16_t timeout = 0"
            ],
            "return_type": "bool",
            "practices": {
                "API order": "#include <Adafruit_PN532.h>; nfc.readPassiveTargetID(cardbaudrate, uid, uidLength, timeout);",
                "parameter usage": "uint8_t uid[7]; uint8_t uidLength; nfc.readPassiveTargetID(0x00, uid, &uidLength);",
                "return value handling": "Check if false, handle errors."
            }
        },
        {
            "name": "startPassiveTargetIDDetection",
            "description": "Start passive target detection",
            "parameters": [
                "uint8_t cardbaudrate"
            ],
            "return_type": "bool",
            "practices": {
                "API order": "#include <Adafruit_PN532.h>",
                "parameter usage": "nfc.startPassiveTargetIDDetection(106);",
                "return value handling": "if (startPassiveTargetIDDetection()) { ... }"
            }
        },
        {
            "name": "readDetectedPassiveTargetID",
            "description": "Read detected target ID",
            "parameters": [
                "uint8_t *uid",
                "uint8_t *uidLength"
            ],
            "return_type": "bool",
            "practices": {
                "API order": "#include <Adafruit_PN532.h>",
                "parameter usage": "uint8_t uid[7]; uint8_t uidLength;",
                "return value handling": "if (readDetectedPassiveTargetID(uid, &uidLength)) { ... }"
            }
        },
        {
            "name": "inDataExchange",
            "description": "Exchange data",
            "parameters": [
                "uint8_t *send",
                "uint8_t sendLength",
                "uint8_t *response",
                "uint8_t *responseLength"
            ],
            "return_type": "bool",
            "practices": {
                "API order": "#include <Adafruit_PN532.h>",
                "parameter usage": "uint8_t response[32]; uint8_t responseLength = 32;",
                "return value handling": "if (inDataExchange(send, sendLength, response, &responseLength)) { ... }"
            }
        },
        {
            "name": "inListPassiveTarget",
            "description": "List passive targets",
            "parameters": [],
            "return_type": "bool",
            "practices": {
                "API order": "#include <Adafruit_PN532.h>",
                "parameter usage": "bool success = nfc.inListPassiveTarget();",
                "return value handling": "if (inListPassiveTarget()) { ... }"
            }
        },
        {
            "name": "AsTarget",
            "description": "Set as target",
            "parameters": [],
            "return_type": "uint8_t",
            "practices": {
                "API order": "#include <Adafruit_PN532.h>",
                "parameter usage": "uint8_t mode = nfc.AsTarget();",
                "return value handling": "if (AsTarget() != 0) { ... }"
            }
        },
        {
            "name": "getDataTarget",
            "description": "Get data from target",
            "parameters": [
                "uint8_t *cmd",
                "uint8_t *cmdlen"
            ],
            "return_type": "uint8_t",
            "practices": {
                "API order": "#include <Adafruit_PN532.h>",
                "parameter usage": "uint8_t cmd[16]; uint8_t cmdlen;",
                "return value handling": "int length = getDataTarget(cmd, &cmdlen);"
            }
        },
        {
            "name": "setDataTarget",
            "description": "Set data to target",
            "parameters": [
                "uint8_t *cmd",
                "uint8_t cmdlen"
            ],
            "return_type": "uint8_t",
            "practices": {
                "API order": "#include <Adafruit_PN532.h>",
                "parameter usage": "uint8_t cmd[16] = {...}; uint8_t cmdlen = sizeof(cmd);",
                "return value handling": "if (setDataTarget(cmd, cmdlen)) { ... }"
            }
        },
        {
            "name": "mifareclassic_IsFirstBlock",
            "description": "Check if first block",
            "parameters": [
                "uint32_t uiBlock"
            ],
            "return_type": "bool",
            "practices": {
                "API order": "#include <Adafruit_PN532.h>",
                "parameter usage": "bool firstBlock = nfc.mifareclassic_IsFirstBlock(4);",
                "return value handling": "if (mifareclassic_IsFirstBlock(uiBlock)) { ... }"
            }
        },
        {
            "name": "mifareclassic_IsTrailerBlock",
            "description": "Check if trailer block",
            "parameters": [
                "uint32_t uiBlock"
            ],
            "return_type": "bool",
            "practices": {
                "API order": "#include <Adafruit_PN532.h>",
                "parameter usage": "bool trailerBlock = nfc.mifareclassic_IsTrailerBlock(7);",
                "return value handling": "if (mifareclassic_IsTrailerBlock(uiBlock)) { ... }"
            }
        },
        {
            "name": "mifareclassic_AuthenticateBlock",
            "description": "Authenticate Mifare block",
            "parameters": [
                "uint8_t *uid",
                "uint8_t uidLen",
                "uint32_t blockNumber",
                "uint8_t keyNumber",
                "uint8_t *keyData"
            ],
            "return_type": "uint8_t",
            "practices": {
                "API order": "#include <Adafruit_PN532.h>",
                "parameter usage": "nfc.mifareclassic_AuthenticateBlock(uid, uidLen, 4, 1, key);",
                "return value handling": "if (mifareclassic_AuthenticateBlock(uid, uidLen, blockNumber, keyNumber, keyData)) { ... }"
            }
        },
        {
            "name": "mifareclassic_ReadDataBlock",
            "description": "Read Mifare data block",
            "parameters": [
                "uint8_t blockNumber",
                "uint8_t *data"
            ],
            "return_type": "uint8_t",
            "practices": {
                "API order": "#include <Adafruit_PN532.h>",
                "parameter usage": "uint8_t data[16]; mifareclassic_ReadDataBlock(4, data);",
                "return value handling": "Check if return == 1"
            }
        },
        {
            "name": "mifareclassic_WriteDataBlock",
            "description": "Write Mifare data block",
            "parameters": [
                "uint8_t blockNumber",
                "uint8_t *data"
            ],
            "return_type": "uint8_t",
            "practices": {
                "API order": "#include <Adafruit_PN532.h>",
                "parameter usage": "uint8_t data[16]={0}; mifareclassic_WriteDataBlock(4, data);",
                "return value handling": "Check if return == 1"
            }
        },
        {
            "name": "mifareclassic_FormatNDEF",
            "description": "Format as NDEF",
            "parameters": [],
            "return_type": "uint8_t",
            "practices": {
                "API order": "#include <Adafruit_PN532.h>",
                "parameter usage": "mifareclassic_FormatNDEF();",
                "return value handling": "Check if return == 1"
            }
        },
        {
            "name": "mifareclassic_WriteNDEFURI",
            "description": "Write NDEF URI",
            "parameters": [
                "uint8_t sectorNumber",
                "uint8_t uriIdentifier",
                "const char *url"
            ],
            "return_type": "uint8_t",
            "practices": {
                "API order": "#include <Adafruit_PN532.h>",
                "parameter usage": "mifareclassic_WriteNDEFURI(1, 0x01, \"http://example.com\");",
                "return value handling": "Check if return == 1"
            }
        },
        {
            "name": "mifareultralight_ReadPage",
            "description": "Read MiFare Ultralight page",
            "parameters": [
                "uint8_t page",
                "uint8_t *buffer"
            ],
            "return_type": "uint8_t",
            "practices": {
                "API order": "#include <Adafruit_PN532.h>",
                "parameter usage": "uint8_t buffer[4]; mifareultralight_ReadPage(3, buffer);",
                "return value handling": "Check if return == 1"
            }
        },
        {
            "name": "mifareultralight_WritePage",
            "description": "Write MiFare Ultralight page",
            "parameters": [
                "uint8_t page",
                "uint8_t *data"
            ],
            "return_type": "uint8_t",
            "practices": {
                "API order": "#include <Adafruit_PN532.h>",
                "parameter usage": "uint8_t data[4]={0}; mifareultralight_WritePage(3, data);",
                "return value handling": "Check if return == 1"
            }
        },
        {
            "name": "ntag2xx_ReadPage",
            "description": "Read NTAG2xx page",
            "parameters": [
                "uint8_t page",
                "uint8_t *buffer"
            ],
            "return_type": "uint8_t",
            "practices": {
                "API order": "#include <Adafruit_PN532.h>",
                "parameter usage": "uint8_t buffer[4]; ntag2xx_ReadPage(3, buffer);",
                "return value handling": "Check if return == 1"
            }
        },
        {
            "name": "ntag2xx_WritePage",
            "description": "Write NTAG2xx page",
            "parameters": [
                "uint8_t page",
                "uint8_t *data"
            ],
            "return_type": "uint8_t",
            "practices": {
                "API order": "#include <Adafruit_PN532.h>",
                "parameter usage": "uint8_t data[4]={0}; ntag2xx_WritePage(3, data);",
                "return value handling": "Check if return == 1"
            }
        },
        {
            "name": "ntag2xx_WriteNDEFURI",
            "description": "Write NDEF URI for NTAG2xx",
            "parameters": [
                "uint8_t uriIdentifier",
                "char *url",
                "uint8_t dataLen"
            ],
            "return_type": "uint8_t",
            "practices": {
                "API order": "#include <Adafruit_PN532.h>",
                "parameter usage": "ntag2xx_WriteNDEFURI(0x01, \"http://example.com\", 16);",
                "return value handling": "Check if return == 1"
            }
        },
        {
            "name": "PrintHex",
            "description": "Print data in hex format",
            "parameters": [
                "const byte *data",
                "const uint32_t numBytes"
            ],
            "return_type": "void",
            "practices": {
                "API order": "#include <Adafruit_PN532.h>",
                "parameter usage": "byte data[4] = {0x00, 0x01, 0x02, 0x03}; PrintHex(data, 4);",
                "return value handling": "No return to handle"
            }
        },
        {
            "name": "PrintHexChar",
            "description": "Print data in hex and char format",
            "parameters": [
                "const byte *pbtData",
                "const uint32_t numBytes"
            ],
            "return_type": "void",
            "practices": {
                "API order": "#include <Adafruit_PN532.h>, initialize nfc object",
                "parameter usage": "const byte data[] = {0x01}; PrintHexChar(data, 1);",
                "return value handling": "No return value, handle void"
            }
        }
    ]
}