{
    "ADXL362.h": [
        {
            "name": "begin",
            "description": "Start communication",
            "parameters": [
                "int16_t chipSelectPin = 10"
            ],
            "return_type": "void"
        },
        {
            "name": "beginMeasure",
            "description": "Start measurement mode",
            "parameters": [],
            "return_type": "void"
        },
        {
            "name": "readXData",
            "description": "Read X-axis data",
            "parameters": [],
            "return_type": "int16_t"
        },
        {
            "name": "readYData",
            "description": "Read Y-axis data",
            "parameters": [],
            "return_type": "int16_t"
        },
        {
            "name": "readZData",
            "description": "Read Z-axis data",
            "parameters": [],
            "return_type": "int16_t"
        },
        {
            "name": "readXYZTData",
            "description": "Read X, Y, Z, and temperature data",
            "parameters": [
                "int16_t &XData",
                "int16_t &YData",
                "int16_t &ZData",
                "int16_t &Temperature"
            ],
            "return_type": "void"
        },
        {
            "name": "readTemp",
            "description": "Read temperature data",
            "parameters": [],
            "return_type": "int16_t"
        },
        {
            "name": "setupDCActivityInterrupt",
            "description": "Configure DC activity interrupt",
            "parameters": [
                "int16_t threshold",
                "byte time"
            ],
            "return_type": "void"
        },
        {
            "name": "setupDCInactivityInterrupt",
            "description": "Configure DC inactivity interrupt",
            "parameters": [
                "int16_t threshold",
                "int16_t time"
            ],
            "return_type": "void"
        },
        {
            "name": "setupACActivityInterrupt",
            "description": "Configure AC activity interrupt",
            "parameters": [
                "int16_t threshold",
                "byte time"
            ],
            "return_type": "void"
        },
        {
            "name": "setupACInactivityInterrupt",
            "description": "Configure AC inactivity interrupt",
            "parameters": [
                "int16_t threshold",
                "int16_t time"
            ],
            "return_type": "void"
        },
        {
            "name": "checkAllControlRegs",
            "description": "Verify control registers",
            "parameters": [],
            "return_type": "void"
        },
        {
            "name": "SPIreadOneRegister",
            "description": "Read single SPI register",
            "parameters": [
                "byte regAddress"
            ],
            "return_type": "byte"
        },
        {
            "name": "SPIwriteOneRegister",
            "description": "Write to single SPI register",
            "parameters": [
                "byte regAddress",
                "byte regValue"
            ],
            "return_type": "void"
        },
        {
            "name": "SPIreadTwoRegisters",
            "description": "Read two SPI registers",
            "parameters": [
                "byte regAddress"
            ],
            "return_type": "int16_t"
        },
        {
            "name": "SPIwriteTwoRegisters",
            "description": "Write to two SPI registers",
            "parameters": [
                "byte regAddress",
                "int16_t twoRegValue"
            ],
            "return_type": "void"
        }
    ]
}