{
    "Adafruit_SSD1306.h": [
        {
            "name": "begin",
            "description": "Initialize the display",
            "parameters": [
                "uint8_t switchvcc",
                "uint8_t i2caddr",
                "bool reset",
                "bool periphBegin"
            ],
            "return_type": "bool"
        },
        {
            "name": "display",
            "description": "Update the display",
            "parameters": [],
            "return_type": "void"
        },
        {
            "name": "clearDisplay",
            "description": "Clear the display",
            "parameters": [],
            "return_type": "void"
        },
        {
            "name": "invertDisplay",
            "description": "Invert the display",
            "parameters": [
                "bool i"
            ],
            "return_type": "void"
        },
        {
            "name": "dim",
            "description": "Dim the display",
            "parameters": [
                "bool dim"
            ],
            "return_type": "void"
        },
        {
            "name": "drawPixel",
            "description": "Draw a single pixel",
            "parameters": [
                "int16_t x",
                "int16_t y",
                "uint16_t color"
            ],
            "return_type": "void"
        },
        {
            "name": "drawFastHLine",
            "description": "Draw a horizontal line",
            "parameters": [
                "int16_t x",
                "int16_t y",
                "int16_t w",
                "uint16_t color"
            ],
            "return_type": "void"
        },
        {
            "name": "drawFastVLine",
            "description": "Draw a vertical line",
            "parameters": [
                "int16_t x",
                "int16_t y",
                "int16_t h",
                "uint16_t color"
            ],
            "return_type": "void"
        },
        {
            "name": "startscrollright",
            "description": "Scroll display right",
            "parameters": [
                "uint8_t start",
                "uint8_t stop"
            ],
            "return_type": "void"
        },
        {
            "name": "startscrollleft",
            "description": "Scroll display left",
            "parameters": [
                "uint8_t start",
                "uint8_t stop"
            ],
            "return_type": "void"
        },
        {
            "name": "startscrolldiagright",
            "description": "Diagonal scroll right",
            "parameters": [
                "uint8_t start",
                "uint8_t stop"
            ],
            "return_type": "void"
        },
        {
            "name": "startscrolldiagleft",
            "description": "Diagonal scroll left",
            "parameters": [
                "uint8_t start",
                "uint8_t stop"
            ],
            "return_type": "void"
        },
        {
            "name": "stopscroll",
            "description": "Stop scrolling",
            "parameters": [],
            "return_type": "void"
        },
        {
            "name": "ssd1306_command",
            "description": "Send command",
            "parameters": [
                "uint8_t c"
            ],
            "return_type": "void"
        },
        {
            "name": "getPixel",
            "description": "Get pixel state",
            "parameters": [
                "int16_t x",
                "int16_t y"
            ],
            "return_type": "bool"
        },
        {
            "name": "getBuffer",
            "description": "Get display buffer",
            "parameters": [],
            "return_type": "uint8_t*"
        }
    ],
    "splash.h": []
}