{
    "Adafruit_SGP40.h": [
        {
            "name": "begin",
            "description": "Initialize the sensor",
            "parameters": [
                "TwoWire *theWire = &Wire"
            ],
            "return_type": "bool"
        },
        {
            "name": "selfTest",
            "description": "Perform a self-test",
            "parameters": [],
            "return_type": "bool"
        },
        {
            "name": "softReset",
            "description": "Perform a soft reset",
            "parameters": [],
            "return_type": "bool"
        },
        {
            "name": "heaterOff",
            "description": "Turn off the heater",
            "parameters": [],
            "return_type": "bool"
        },
        {
            "name": "measureRaw",
            "description": "Measure raw signals",
            "parameters": [
                "float temperature = 25",
                "float humidity = 50"
            ],
            "return_type": "uint16_t"
        },
        {
            "name": "measureVocIndex",
            "description": "Measure VOC index",
            "parameters": [
                "float temperature = 25",
                "float humidity = 50"
            ],
            "return_type": "int32_t"
        }
    ],
    "sensirion_arch_config.h": [],
    "sensirion_voc_algorithm.h": [
        {
            "name": "VocAlgorithm_init",
            "description": "Initialize the VOC algorithm parameters.",
            "parameters": [
                "VocAlgorithmParams *params"
            ],
            "return_type": "void"
        },
        {
            "name": "VocAlgorithm_get_states",
            "description": "Get current algorithm states.",
            "parameters": [
                "VocAlgorithmParams *params",
                "int32_t *state0",
                "int32_t *state1"
            ],
            "return_type": "void"
        },
        {
            "name": "VocAlgorithm_set_states",
            "description": "Set previously retrieved algorithm states.",
            "parameters": [
                "VocAlgorithmParams *params",
                "int32_t state0",
                "int32_t state1"
            ],
            "return_type": "void"
        },
        {
            "name": "VocAlgorithm_set_tuning_parameters",
            "description": "Set parameters to customize the VOC algorithm.",
            "parameters": [
                "VocAlgorithmParams *params",
                "int32_t voc_index_offset",
                "int32_t learning_time_hours",
                "int32_t gating_max_duration_minutes",
                "int32_t std_initial"
            ],
            "return_type": "void"
        },
        {
            "name": "VocAlgorithm_process",
            "description": "Calculate the VOC index value.",
            "parameters": [
                "VocAlgorithmParams *params",
                "int32_t sraw",
                "int32_t *voc_index"
            ],
            "return_type": "void"
        }
    ]
}