{
    "MS5611.h": [
        {
            "name": "begin",
            "description": "Initializes the sensor.",
            "parameters": [],
            "return_type": "bool"
        },
        {
            "name": "isConnected",
            "description": "Checks if the sensor is connected.",
            "parameters": [],
            "return_type": "bool"
        },
        {
            "name": "reset",
            "description": "Resets the sensor.",
            "parameters": [
                "uint8_t mathMode = 0"
            ],
            "return_type": "bool"
        },
        {
            "name": "read",
            "description": "Reads sensor data.",
            "parameters": [
                "uint8_t bits"
            ],
            "return_type": "int"
        },
        {
            "name": "setOversampling",
            "description": "Sets oversampling rate.",
            "parameters": [
                "osr_t samplingRate"
            ],
            "return_type": "void"
        },
        {
            "name": "getOversampling",
            "description": "Gets oversampling rate.",
            "parameters": [],
            "return_type": "osr_t"
        },
        {
            "name": "getTemperature",
            "description": "Gets temperature in °C.",
            "parameters": [],
            "return_type": "float"
        },
        {
            "name": "getPressure",
            "description": "Gets pressure in mBar.",
            "parameters": [],
            "return_type": "float"
        },
        {
            "name": "setPressureOffset",
            "description": "Sets pressure offset.",
            "parameters": [
                "float offset = 0"
            ],
            "return_type": "void"
        },
        {
            "name": "getPressureOffset",
            "description": "Gets pressure offset.",
            "parameters": [],
            "return_type": "float"
        },
        {
            "name": "setTemperatureOffset",
            "description": "Sets temperature offset.",
            "parameters": [
                "float offset = 0"
            ],
            "return_type": "void"
        },
        {
            "name": "getTemperatureOffset",
            "description": "Gets temperature offset.",
            "parameters": [],
            "return_type": "float"
        },
        {
            "name": "getLastResult",
            "description": "Gets last result code.",
            "parameters": [],
            "return_type": "int"
        },
        {
            "name": "lastRead",
            "description": "Gets last read time.",
            "parameters": [],
            "return_type": "uint32_t"
        },
        {
            "name": "getDeviceID",
            "description": "Gets unique device ID.",
            "parameters": [],
            "return_type": "uint32_t"
        },
        {
            "name": "setCompensation",
            "description": "Sets compensation flag.",
            "parameters": [
                "bool flag = true"
            ],
            "return_type": "void"
        },
        {
            "name": "getCompensation",
            "description": "Gets compensation flag.",
            "parameters": [],
            "return_type": "bool"
        },
        {
            "name": "getManufacturer",
            "description": "Gets manufacturer code.",
            "parameters": [],
            "return_type": "uint16_t"
        },
        {
            "name": "getSerialCode",
            "description": "Gets serial code.",
            "parameters": [],
            "return_type": "uint16_t"
        }
    ]
}