{
    "gravity_soil_moisture_sensor.h": [
        {
            "name": "Setup",
            "description": "Initialize the sensor pin",
            "parameters": [
                "const uint8_t analog_pin"
            ],
            "return_type": "bool"
        },
        {
            "name": "Read",
            "description": "Read moisture value",
            "parameters": [
                "uint16_t samples = 128",
                "uint16_t delay_ms = 1"
            ],
            "return_type": "uint16_t"
        }
    ]
}