{
    "AS5600.h": [
        {
            "name": "begin",
            "description": "Initialize the sensor.",
            "parameters": [
                "uint8_t directionPin = AS5600_SW_DIRECTION_PIN"
            ],
            "return_type": "bool"
        },
        {
            "name": "isConnected",
            "description": "Check if device is connected.",
            "parameters": [],
            "return_type": "bool"
        },
        {
            "name": "getAddress",
            "description": "Get the I2C address.",
            "parameters": [],
            "return_type": "uint8_t"
        },
        {
            "name": "setDirection",
            "description": "Set rotation direction.",
            "parameters": [
                "uint8_t direction = AS5600_CLOCK_WISE"
            ],
            "return_type": "void"
        },
        {
            "name": "getDirection",
            "description": "Get rotation direction.",
            "parameters": [],
            "return_type": "uint8_t"
        },
        {
            "name": "getZMCO",
            "description": "Get ZMCO register value.",
            "parameters": [],
            "return_type": "uint8_t"
        },
        {
            "name": "setZPosition",
            "description": "Set Z position.",
            "parameters": [
                "uint16_t value"
            ],
            "return_type": "bool"
        },
        {
            "name": "getZPosition",
            "description": "Get Z position.",
            "parameters": [],
            "return_type": "uint16_t"
        },
        {
            "name": "setMPosition",
            "description": "Set M position.",
            "parameters": [
                "uint16_t value"
            ],
            "return_type": "bool"
        },
        {
            "name": "getMPosition",
            "description": "Get M position.",
            "parameters": [],
            "return_type": "uint16_t"
        },
        {
            "name": "setMaxAngle",
            "description": "Set max angle.",
            "parameters": [
                "uint16_t value"
            ],
            "return_type": "bool"
        },
        {
            "name": "getMaxAngle",
            "description": "Get max angle.",
            "parameters": [],
            "return_type": "uint16_t"
        },
        {
            "name": "setConfigure",
            "description": "Set configuration register.",
            "parameters": [
                "uint16_t value"
            ],
            "return_type": "bool"
        },
        {
            "name": "getConfigure",
            "description": "Get configuration register.",
            "parameters": [],
            "return_type": "uint16_t"
        },
        {
            "name": "setPowerMode",
            "description": "Set power mode.",
            "parameters": [
                "uint8_t powerMode"
            ],
            "return_type": "bool"
        },
        {
            "name": "getPowerMode",
            "description": "Get power mode.",
            "parameters": [],
            "return_type": "uint8_t"
        },
        {
            "name": "setHysteresis",
            "description": "Set hysteresis.",
            "parameters": [
                "uint8_t hysteresis"
            ],
            "return_type": "bool"
        },
        {
            "name": "getHysteresis",
            "description": "Get hysteresis.",
            "parameters": [],
            "return_type": "uint8_t"
        },
        {
            "name": "setOutputMode",
            "description": "Set output mode.",
            "parameters": [
                "uint8_t outputMode"
            ],
            "return_type": "bool"
        },
        {
            "name": "getOutputMode",
            "description": "Get output mode.",
            "parameters": [],
            "return_type": "uint8_t"
        },
        {
            "name": "setPWMFrequency",
            "description": "Set PWM frequency.",
            "parameters": [
                "uint8_t pwmFreq"
            ],
            "return_type": "bool"
        },
        {
            "name": "getPWMFrequency",
            "description": "Get PWM frequency.",
            "parameters": [],
            "return_type": "uint8_t"
        },
        {
            "name": "setSlowFilter",
            "description": "Set slow filter.",
            "parameters": [
                "uint8_t mask"
            ],
            "return_type": "bool"
        },
        {
            "name": "getSlowFilter",
            "description": "Get slow filter.",
            "parameters": [],
            "return_type": "uint8_t"
        },
        {
            "name": "setFastFilter",
            "description": "Set fast filter.",
            "parameters": [
                "uint8_t mask"
            ],
            "return_type": "bool"
        },
        {
            "name": "getFastFilter",
            "description": "Get fast filter.",
            "parameters": [],
            "return_type": "uint8_t"
        },
        {
            "name": "setWatchDog",
            "description": "Set watchdog.",
            "parameters": [
                "uint8_t mask"
            ],
            "return_type": "bool"
        },
        {
            "name": "getWatchDog",
            "description": "Get watchdog.",
            "parameters": [],
            "return_type": "uint8_t"
        },
        {
            "name": "rawAngle",
            "description": "Get raw angle.",
            "parameters": [],
            "return_type": "uint16_t"
        },
        {
            "name": "readAngle",
            "description": "Get angle reading.",
            "parameters": [],
            "return_type": "uint16_t"
        },
        {
            "name": "setOffset",
            "description": "Set angle offset.",
            "parameters": [
                "float degrees"
            ],
            "return_type": "bool"
        },
        {
            "name": "getOffset",
            "description": "Get angle offset.",
            "parameters": [],
            "return_type": "float"
        },
        {
            "name": "increaseOffset",
            "description": "Increase angle offset.",
            "parameters": [
                "float degrees"
            ],
            "return_type": "bool"
        },
        {
            "name": "readStatus",
            "description": "Read sensor status.",
            "parameters": [],
            "return_type": "uint8_t"
        },
        {
            "name": "readAGC",
            "description": "Read AGC register.",
            "parameters": [],
            "return_type": "uint8_t"
        },
        {
            "name": "readMagnitude",
            "description": "Read magnitude register.",
            "parameters": [],
            "return_type": "uint16_t"
        },
        {
            "name": "detectMagnet",
            "description": "Detect if magnet is present.",
            "parameters": [],
            "return_type": "bool"
        },
        {
            "name": "magnetTooStrong",
            "description": "Detect if magnet is too strong.",
            "parameters": [],
            "return_type": "bool"
        },
        {
            "name": "magnetTooWeak",
            "description": "Detect if magnet is too weak.",
            "parameters": [],
            "return_type": "bool"
        },
        {
            "name": "getAngularSpeed",
            "description": "Calculate angular speed.",
            "parameters": [
                "uint8_t mode = AS5600_MODE_DEGREES"
            ],
            "return_type": "float"
        },
        {
            "name": "getCumulativePosition",
            "description": "Get cumulative position.",
            "parameters": [],
            "return_type": "int32_t"
        },
        {
            "name": "getRevolutions",
            "description": "Get number of revolutions.",
            "parameters": [],
            "return_type": "int32_t"
        },
        {
            "name": "resetPosition",
            "description": "Reset position.",
            "parameters": [
                "int32_t position = 0"
            ],
            "return_type": "int32_t"
        },
        {
            "name": "resetCumulativePosition",
            "description": "Reset cumulative position.",
            "parameters": [
                "int32_t position = 0"
            ],
            "return_type": "int32_t"
        },
        {
            "name": "lastError",
            "description": "Get last error code.",
            "parameters": [],
            "return_type": "int"
        },
        {
            "name": "setAddress",
            "description": "Set new I2C address.",
            "parameters": [
                "uint8_t address"
            ],
            "return_type": "bool"
        },
        {
            "name": "setI2CUPDT",
            "description": "Set I2CUPDT.",
            "parameters": [
                "uint8_t value"
            ],
            "return_type": "bool"
        },
        {
            "name": "getI2CUPDT",
            "description": "Get I2CUPDT.",
            "parameters": [],
            "return_type": "uint8_t"
        }
    ]
}