{
    "Adafruit_LTR390.h": [
        {
            "name": "begin",
            "description": "Initialize sensor",
            "parameters": [
                "TwoWire *theWire = &Wire"
            ],
            "return_type": "bool"
        },
        {
            "name": "reset",
            "description": "Reset the sensor",
            "parameters": [],
            "return_type": "bool"
        },
        {
            "name": "enable",
            "description": "Enable or disable the sensor",
            "parameters": [
                "bool en"
            ],
            "return_type": "void"
        },
        {
            "name": "enabled",
            "description": "Check if sensor is enabled",
            "parameters": [],
            "return_type": "bool"
        },
        {
            "name": "setMode",
            "description": "Set sensor mode",
            "parameters": [
                "ltr390_mode_t mode"
            ],
            "return_type": "void"
        },
        {
            "name": "getMode",
            "description": "Get current sensor mode",
            "parameters": [],
            "return_type": "ltr390_mode_t"
        },
        {
            "name": "setGain",
            "description": "Set sensor gain",
            "parameters": [
                "ltr390_gain_t gain"
            ],
            "return_type": "void"
        },
        {
            "name": "getGain",
            "description": "Get current sensor gain",
            "parameters": [],
            "return_type": "ltr390_gain_t"
        },
        {
            "name": "setResolution",
            "description": "Set sensor resolution",
            "parameters": [
                "ltr390_resolution_t res"
            ],
            "return_type": "void"
        },
        {
            "name": "getResolution",
            "description": "Get current resolution",
            "parameters": [],
            "return_type": "ltr390_resolution_t"
        },
        {
            "name": "setThresholds",
            "description": "Set sensor threshold limits",
            "parameters": [
                "uint32_t lower",
                "uint32_t higher"
            ],
            "return_type": "void"
        },
        {
            "name": "configInterrupt",
            "description": "Configure sensor interrupt",
            "parameters": [
                "bool enable",
                "ltr390_mode_t source",
                "uint8_t persistance = 0"
            ],
            "return_type": "void"
        },
        {
            "name": "newDataAvailable",
            "description": "Check for new data",
            "parameters": [],
            "return_type": "bool"
        },
        {
            "name": "readUVS",
            "description": "Read UV sensor data",
            "parameters": [],
            "return_type": "uint32_t"
        },
        {
            "name": "readALS",
            "description": "Read ambient light data",
            "parameters": [],
            "return_type": "uint32_t"
        }
    ]
}